{
    "5-30": {
        "MSE": 4609.793712298076,
        "RMSE": 67.89546164728594,
        "PSNR": 11.493988696681022,
        "SSIM": 0.1470538889976085,
        "UQI": 0.6805709001977686,
        "MS-SSIM": 